,0
0,Three Rivers
1,Chiltern
2,Chiltern
3,Chiltern
4,Chiltern
5,Dacorum
6,Chiltern
7,Chiltern
8,Chiltern
9,Three Rivers
10,Chiltern
11,Chiltern
12,Chiltern
13,Three Rivers
14,Dacorum
15,Dacorum
16,Chiltern
17,Three Rivers
18,Three Rivers
19,Dacorum
20,Dacorum
21,Chiltern
22,Dacorum
23,Dacorum
24,Dacorum
25,Dacorum
26,Dacorum
27,Three Rivers
28,Watford
29,Watford
30,Watford
31,Watford
32,Watford
33,Watford
34,FAIL
35,Dacorum
36,Three Rivers
37,Watford
38,St Albans
39,Watford
40,Watford
41,Watford
42,Watford
43,St Albans
44,Watford
45,Watford
46,Watford
47,Watford
48,Watford
49,Hertsmere
50,Watford
51,Watford
52,Hertsmere
53,St Albans
54,St Albans
55,St Albans
56,St Albans
57,Hertsmere
58,Watford
59,Welwyn Hatfield
60,Barnet
61,Hertsmere
62,Hertsmere
63,Hertsmere
64,Hertsmere
65,Three Rivers
66,Barnet
67,Hertsmere
68,Hertsmere
69,Hertsmere
70,Hertsmere
71,Hertsmere
72,Barnet
73,Hertsmere
74,Hertsmere
75,Barnet
76,Welwyn Hatfield
77,Hertsmere
78,Hertsmere
79,Barnet
80,Welwyn Hatfield
81,Barnet
82,Welwyn Hatfield
83,Enfield
84,Barnet
85,Hertsmere
86,Hertsmere
87,Hertsmere
88,Hertsmere
89,Hertsmere
90,Hertsmere
91,Welwyn Hatfield
92,Hertsmere
93,FAIL
94,Enfield
95,Broxbourne
96,Enfield
97,Broxbourne
98,Enfield
99,Broxbourne
100,Enfield
101,Barnet
102,Enfield
103,Welwyn Hatfield
104,Welwyn Hatfield
105,Broxbourne
106,Broxbourne
107,Enfield
108,Broxbourne
109,Enfield
110,Enfield
111,Enfield
112,Enfield
113,Enfield
114,Broxbourne
115,Broxbourne
116,Broxbourne
117,Enfield
118,Enfield
119,Broxbourne
120,Broxbourne
121,Broxbourne
122,Enfield
123,Enfield
124,Waltham Forest
125,Broxbourne
126,Epping Forest
127,Epping Forest
128,Broxbourne
129,Epping Forest
130,FAIL
131,Epping Forest
132,Epping Forest
133,Epping Forest
134,Epping Forest
135,Broxbourne
136,Epping Forest
137,Epping Forest
138,Epping Forest
139,Epping Forest
140,Epping Forest
141,Epping Forest
142,Epping Forest
143,Harlow
144,Epping Forest
145,Harlow
146,Harlow
147,Epping Forest
148,Harlow
149,Broxbourne
150,Harlow
151,Waltham Forest
152,Harlow
153,Epping Forest
154,Epping Forest
155,Harlow
156,Barking and Dagenham
157,Epping Forest
158,Brentwood
159,Hackney
160,FAIL
161,Brentwood
162,Brentwood
163,Brentwood
164,Epping Forest
165,Epping Forest
166,Brentwood
167,Havering
168,Havering
169,Chelmsford
170,Chiltern
171,Dacorum
172,Chiltern
173,Dacorum
174,Chiltern
175,Chiltern
176,Watford
177,Dacorum
178,Dacorum
179,Watford
180,Hertsmere
181,Hertsmere
182,Hertsmere
183,Hertsmere
184,FAIL
185,Hertsmere
186,Barnet
187,Enfield
188,Hertsmere
189,Barnet
190,Barnet
191,Enfield
192,Enfield
193,Barnet
194,Enfield
195,Enfield
196,Enfield
197,FAIL
198,Enfield
199,Enfield
200,Enfield
201,Enfield
202,FAIL
203,Enfield
204,Broxbourne
205,Broxbourne
206,Broxbourne
207,Epping Forest
208,Epping Forest
209,Epping Forest
210,Waltham Forest
211,Redbridge
212,Redbridge
213,Havering
214,Brentwood
215,Redbridge
216,FAIL
217,Brentwood
218,Chiltern
219,South Bucks
220,Hillingdon
221,Wycombe
222,Three Rivers
223,Three Rivers
224,Three Rivers
225,FAIL
226,Watford
227,Watford
228,Watford
229,Harrow
230,Harrow
231,Barnet
232,Hertsmere
233,Haringey
234,Barnet
235,Barnet
236,Barnet
237,Barnet
238,Barnet
239,Barnet
240,Barnet
241,Enfield
242,Enfield
243,Enfield
244,Enfield
245,Enfield
246,Enfield
247,Enfield
248,Enfield
249,Enfield
250,Epping Forest
251,Enfield
252,Waltham Forest
253,Waltham Forest
254,Epping Forest
255,Redbridge
256,Epping Forest
257,Waltham Forest
258,FAIL
259,Epping Forest
260,Redbridge
261,Waltham Forest
262,Waltham Forest
263,Havering
264,Chiltern
265,Hillingdon
266,Three Rivers
267,Three Rivers
268,Hertsmere
269,Hertsmere
270,Barnet
271,Barnet
272,Barnet
273,Barnet
274,Hertsmere
275,Barnet
276,Barnet
277,Barnet
278,Barnet
279,Barnet
280,Barnet
281,Barnet
282,Enfield
283,Barnet
284,Enfield
285,Enfield
286,Enfield
287,Enfield
288,Enfield
289,Haringey
290,Enfield
291,Enfield
292,Enfield
293,Enfield
294,Waltham Forest
295,FAIL
296,Waltham Forest
297,Waltham Forest
298,Epping Forest
299,Waltham Forest
300,Epping Forest
301,Epping Forest
302,Epping Forest
303,Redbridge
304,Redbridge
305,Waltham Forest
306,Havering
307,Newham
308,Redbridge
309,Havering
310,Havering
311,Havering
312,Chiltern
313,Chiltern
314,FAIL
315,Chiltern
316,South Bucks
317,Chiltern
318,South Bucks
319,South Bucks
320,FAIL
321,Three Rivers
322,Three Rivers
323,FAIL
324,Hillingdon
325,Hillingdon
326,Three Rivers
327,Hillingdon
328,Harrow
329,Harrow
330,Harrow
331,Harrow
332,Harrow
333,Harrow
334,FAIL
335,Harrow
336,Barnet
337,FAIL
338,Barnet
339,Barnet
340,FAIL
341,Barnet
342,Barnet
343,Barnet
344,Barnet
345,Barnet
346,Barnet
347,Barnet
348,Barnet
349,Haringey
350,Enfield
351,Enfield
352,Haringey
353,Haringey
354,Enfield
355,Enfield
356,Enfield
357,Enfield
358,Haringey
359,Enfield
360,Waltham Forest
361,Enfield
362,Waltham Forest
363,Redbridge
364,Epping Forest
365,Epping Forest
366,Epping Forest
367,Epping Forest
368,Redbridge
369,Waltham Forest
370,Havering
371,Havering
372,Havering
373,Havering
374,Redbridge
375,Brentwood
376,Brentwood
377,Brentwood
378,Havering
379,Brentwood
380,Brentwood
381,Havering
382,Brentwood
383,Brentwood
384,Brentwood
385,Chiltern
386,Hillingdon
387,South Bucks
388,Hillingdon
389,Hillingdon
390,Hillingdon
391,Hillingdon
392,Hillingdon
393,Hillingdon
394,Harrow
395,Hillingdon
396,Hillingdon
397,Hillingdon
398,Harrow
399,Harrow
400,Harrow
401,Harrow
402,Harrow
403,Harrow
404,Harrow
405,Harrow
406,Harrow
407,Harrow
408,Harrow
409,Harrow
410,Harrow
411,Harrow
412,Harrow
413,Harrow
414,Barnet
415,Brent
416,Barnet
417,Barnet
418,Barnet
419,Brent
420,Harrow
421,FAIL
422,Barnet
423,Barnet
424,Barnet
425,Camden
426,Barnet
427,Barnet
428,Barnet
429,Barnet
430,Barnet
431,Barnet
432,Barnet
433,Barnet
434,Barnet
435,Barnet
436,Barnet
437,Enfield
438,Barnet
439,Haringey
440,Haringey
441,Islington
442,Haringey
443,Haringey
444,Haringey
445,Enfield
446,Haringey
447,Haringey
448,Haringey
449,Haringey
450,Haringey
451,Waltham Forest
452,Waltham Forest
453,Waltham Forest
454,Waltham Forest
455,Waltham Forest
456,Waltham Forest
457,Waltham Forest
458,Waltham Forest
459,Redbridge
460,Redbridge
461,Redbridge
462,Redbridge
463,Redbridge
464,Redbridge
465,Redbridge
466,Redbridge
467,Redbridge
468,Redbridge
469,Redbridge
470,Barking and Dagenham
471,Havering
472,Havering
473,Havering
474,Havering
475,Havering
476,Havering
477,Havering
478,Havering
479,Havering
480,Havering
481,Havering
482,Hillingdon
483,South Bucks
484,Hillingdon
485,Hillingdon
486,Hillingdon
487,Hillingdon
488,Hillingdon
489,Hillingdon
490,Hillingdon
491,Hillingdon
492,Harrow
493,Harrow
494,Hillingdon
495,Harrow
496,Hillingdon
497,Harrow
498,Harrow
499,Harrow
500,Harrow
501,Harrow
502,FAIL
503,Brent
504,Brent
505,Brent
506,Brent
507,Brent
508,Barnet
509,Barnet
510,Barnet
511,Barnet
512,Barnet
513,Barnet
514,Camden
515,Barnet
516,Barnet
517,Barnet
518,Barnet
519,Barnet
520,Barnet
521,Haringey
522,Haringey
523,Haringey
524,Barnet
525,Haringey
526,Haringey
527,Haringey
528,Haringey
529,Haringey
530,Haringey
531,Haringey
532,Haringey
533,Haringey
534,Haringey
535,Haringey
536,Haringey
537,Haringey
538,Haringey
539,Haringey
540,Haringey
541,Haringey
542,Haringey
543,Haringey
544,Haringey
545,Haringey
546,Haringey
547,Islington
548,Islington
549,Hackney
550,Waltham Forest
551,Waltham Forest
552,Waltham Forest
553,Waltham Forest
554,Waltham Forest
555,Waltham Forest
556,Waltham Forest
557,Waltham Forest
558,Waltham Forest
559,Waltham Forest
560,Redbridge
561,Redbridge
562,Waltham Forest
563,Redbridge
564,Redbridge
565,Redbridge
566,Redbridge
567,Redbridge
568,Redbridge
569,Redbridge
570,Redbridge
571,Redbridge
572,Redbridge
573,Havering
574,Barking and Dagenham
575,Havering
576,Havering
577,Havering
578,Havering
579,Havering
580,South Bucks
581,FAIL
582,South Bucks
583,Hackney
584,Hackney
585,Hackney
586,Islington
587,Hackney
588,Hackney
589,Islington
590,Hackney
591,Hackney
592,Tower Hamlets
593,Islington
594,Hackney
595,Tower Hamlets
596,Hackney
597,Tower Hamlets
598,Islington
599,City of London
600,Hackney
601,City of London
602,Hillingdon
603,Hillingdon
604,Hillingdon
605,Hillingdon
606,Hillingdon
607,Hillingdon
608,Hillingdon
609,Harrow
610,Hillingdon
611,Harrow
612,Harrow
613,Harrow
614,Harrow
615,Harrow
616,Brent
617,Harrow
618,Harrow
619,Brent
620,Brent
621,Brent
622,Brent
623,Brent
624,Camden
625,Ealing
626,Barnet
627,Barnet
628,Barnet
629,Barnet
630,Barnet
631,Barnet
632,Barnet
633,Barnet
634,Camden
635,Barnet
636,Barnet
637,Barnet
638,Camden
639,Haringey
640,Islington
641,Haringey
642,Camden
643,Haringey
644,Haringey
645,Camden
646,Camden
647,Haringey
648,Haringey
649,Haringey
650,Haringey
651,Haringey
652,Haringey
653,Haringey
654,Islington
655,Islington
656,Haringey
657,Hackney
658,Haringey
659,Hackney
660,Haringey
661,Hackney
662,Haringey
663,Hackney
664,Waltham Forest
665,Waltham Forest
666,Waltham Forest
667,Waltham Forest
668,Waltham Forest
669,Waltham Forest
670,Waltham Forest
671,Waltham Forest
672,Redbridge
673,Redbridge
674,Waltham Forest
675,Waltham Forest
676,Redbridge
677,Redbridge
678,Redbridge
679,Redbridge
680,Redbridge
681,Redbridge
682,Redbridge
683,Redbridge
684,Barking and Dagenham
685,Havering
686,Havering
687,Havering
688,Havering
689,Havering
690,Havering
691,Havering
692,Havering
693,Havering
694,Havering
695,Havering
696,Havering
697,Havering
698,Havering
699,Havering
700,Havering
701,Havering
702,Windsor and Maidenhead
703,Slough
704,Windsor and Maidenhead
705,Hillingdon
706,South Bucks
707,Hillingdon
708,Hillingdon
709,Hillingdon
710,Hillingdon
711,Hillingdon
712,Hillingdon
713,FAIL
714,Ealing
715,Ealing
716,Brent
717,Brent
718,Ealing
719,Ealing
720,Ealing
721,Brent
722,Brent
723,Brent
724,Brent
725,Brent
726,Brent
727,Barnet
728,Barnet
729,Camden
730,Brent
731,Kensington and Chelsea
732,Camden
733,Hammersmith and Fulham
734,Camden
735,Camden
736,Camden
737,Camden
738,Camden
739,Camden
740,Camden
741,Camden
742,Camden
743,Camden
744,Camden
745,Islington
746,Camden
747,Camden
748,FAIL
749,Camden
750,Islington
751,Camden
752,Camden
753,Camden
754,Islington
755,Islington
756,Camden
757,Camden
758,Camden
759,Hackney
760,Islington
761,Islington
762,Islington
763,Islington
764,Hackney
765,Islington
766,Islington
767,Haringey
768,Islington
769,Islington
770,Islington
771,Islington
772,Islington
773,Hackney
774,Hackney
775,Hackney
776,Hackney
777,Hackney
778,Hackney
779,Hackney
780,Hackney
781,Hackney
782,Hackney
783,Hackney
784,Hackney
785,Hackney
786,Hackney
787,Waltham Forest
788,Hackney
789,Waltham Forest
790,Hackney
791,Waltham Forest
792,FAIL
793,Hackney
794,Tower Hamlets
795,Tower Hamlets
796,Hackney
797,Newham
798,Newham
799,Newham
800,Newham
801,Newham
802,Newham
803,Newham
804,Newham
805,Newham
806,Redbridge
807,Newham
808,Barking and Dagenham
809,Redbridge
810,Redbridge
811,Redbridge
812,Barking and Dagenham
813,Barking and Dagenham
814,Barking and Dagenham
815,Havering
816,Havering
817,Havering
818,Havering
819,Havering
820,Havering
821,Havering
822,Havering
823,Havering
824,Havering
825,South Bucks
826,Slough
827,Windsor and Maidenhead
828,Windsor and Maidenhead
829,Slough
830,Hillingdon
831,FAIL
832,FAIL
833,Hillingdon
834,Hillingdon
835,Hillingdon
836,Hillingdon
837,Hillingdon
838,Hillingdon
839,Hillingdon
840,Hillingdon
841,FAIL
842,Hillingdon
843,Hillingdon
844,Hillingdon
845,Hillingdon
846,FAIL
847,Ealing
848,Ealing
849,Ealing
850,Ealing
851,Ealing
852,Ealing
853,Ealing
854,Ealing
855,Brent
856,Ealing
857,Ealing
858,Brent
859,Ealing
860,Brent
861,Brent
862,Brent
863,Ealing
864,Brent
865,Brent
866,Brent
867,Brent
868,Brent
869,Brent
870,Brent
871,Brent
872,Brent
873,Brent
874,Brent
875,Camden
876,Westminster
877,Camden
878,Camden
879,Camden
880,Camden
881,Camden
882,Camden
883,Brent
884,Camden
885,Camden
886,Camden
887,Camden
888,Westminster
889,Camden
890,Camden
891,Camden
892,Camden
893,Camden
894,Camden
895,Camden
896,Camden
897,Camden
898,Camden
899,Camden
900,Camden
901,Camden
902,Camden
903,Camden
904,Islington
905,Islington
906,Islington
907,Islington
908,Islington
909,Islington
910,Islington
911,Islington
912,Islington
913,Islington
914,Islington
915,Islington
916,Islington
917,Islington
918,Islington
919,Hackney
920,Hackney
921,Hackney
922,Tower Hamlets
923,Hackney
924,Hackney
925,Hackney
926,Hackney
927,Hackney
928,Hackney
929,Hackney
930,Hackney
931,Hackney
932,Tower Hamlets
933,Hackney
934,Tower Hamlets
935,Hackney
936,Hackney
937,Tower Hamlets
938,Tower Hamlets
939,Tower Hamlets
940,Tower Hamlets
941,Newham
942,Hackney
943,Newham
944,Newham
945,FAIL
946,Newham
947,FAIL
948,Newham
949,Newham
950,Newham
951,Newham
952,Newham
953,Newham
954,Newham
955,Newham
956,Newham
957,Newham
958,Barking and Dagenham
959,Barking and Dagenham
960,Barking and Dagenham
961,Barking and Dagenham
962,Redbridge
963,Barking and Dagenham
964,Barking and Dagenham
965,Barking and Dagenham
966,Barking and Dagenham
967,Barking and Dagenham
968,FAIL
969,Barking and Dagenham
970,Barking and Dagenham
971,Bexley
972,Barking and Dagenham
973,Barking and Dagenham
974,Barking and Dagenham
975,Barking and Dagenham
976,Havering
977,Havering
978,Havering
979,Slough
980,Slough
981,FAIL
982,Slough
983,Hillingdon
984,Slough
985,Slough
986,Windsor and Maidenhead
987,FAIL
988,Windsor and Maidenhead
989,Hillingdon
990,FAIL
991,Hillingdon
992,FAIL
993,Hillingdon
994,Hillingdon
995,Hillingdon
996,Hillingdon
997,FAIL
998,Ealing
999,Ealing
1000,Hounslow
1001,Ealing
1002,Ealing
1003,Ealing
1004,Ealing
1005,Ealing
1006,Ealing
1007,Ealing
1008,Ealing
1009,Ealing
1010,Ealing
1011,Ealing
1012,Ealing
1013,Ealing
1014,Ealing
1015,Ealing
1016,Hammersmith and Fulham
1017,Kensington and Chelsea
1018,Kensington and Chelsea
1019,Hammersmith and Fulham
1020,Westminster
1021,Kensington and Chelsea
1022,Kensington and Chelsea
1023,Westminster
1024,Hammersmith and Fulham
1025,FAIL
1026,Brent
1027,Hammersmith and Fulham
1028,Westminster
1029,Westminster
1030,Westminster
1031,Westminster
1032,Westminster
1033,Westminster
1034,Westminster
1035,Westminster
1036,Westminster
1037,Westminster
1038,Westminster
1039,Westminster
1040,Westminster
1041,Westminster
1042,Westminster
1043,Westminster
1044,Westminster
1045,Camden
1046,Camden
1047,Westminster
1048,Camden
1049,Westminster
1050,Camden
1051,Westminster
1052,Camden
1053,Westminster
1054,Westminster
1055,FAIL
1056,Camden
1057,Westminster
1058,Westminster
1059,Westminster
1060,Camden
1061,Camden
1062,Westminster
1063,Camden
1064,Islington
1065,Camden
1066,Islington
1067,Islington
1068,Islington
1069,Islington
1070,Islington
1071,Islington
1072,Islington
1073,Islington
1074,Islington
1075,Islington
1076,Camden
1077,Islington
1078,Tower Hamlets
1079,Tower Hamlets
1080,Tower Hamlets
1081,Tower Hamlets
1082,Tower Hamlets
1083,Tower Hamlets
1084,Tower Hamlets
1085,Tower Hamlets
1086,Tower Hamlets
1087,Tower Hamlets
1088,Tower Hamlets
1089,Tower Hamlets
1090,Tower Hamlets
1091,Tower Hamlets
1092,Tower Hamlets
1093,Tower Hamlets
1094,Tower Hamlets
1095,Tower Hamlets
1096,Tower Hamlets
1097,Tower Hamlets
1098,Tower Hamlets
1099,Tower Hamlets
1100,Newham
1101,Newham
1102,Newham
1103,Newham
1104,FAIL
1105,Newham
1106,Newham
1107,Tower Hamlets
1108,Greenwich
1109,Tower Hamlets
1110,Newham
1111,FAIL
1112,Newham
1113,Greenwich
1114,Greenwich
1115,Barking and Dagenham
1116,FAIL
1117,Havering
1118,Havering
1119,Barking and Dagenham
1120,Bexley
1121,FAIL
1122,FAIL
1123,FAIL
1124,Bexley
1125,Bexley
1126,Thurrock
1127,FAIL
1128,FAIL
1129,FAIL
1130,Thurrock
1131,Dartford
1132,Bexley
1133,Slough
1134,Windsor and Maidenhead
1135,Hillingdon
1136,Hillingdon
1137,Hillingdon
1138,Hillingdon
1139,FAIL
1140,Hillingdon
1141,Windsor and Maidenhead
1142,Hillingdon
1143,Hillingdon
1144,FAIL
1145,Hillingdon
1146,Hounslow
1147,Hillingdon
1148,Hillingdon
1149,Hillingdon
1150,Ealing
1151,Ealing
1152,Hounslow
1153,Hillingdon
1154,Hounslow
1155,Ealing
1156,Ealing
1157,Ealing
1158,Ealing
1159,Ealing
1160,Ealing
1161,Ealing
1162,Ealing
1163,Ealing
1164,Ealing
1165,Ealing
1166,Ealing
1167,Ealing
1168,Ealing
1169,Ealing
1170,Ealing
1171,Ealing
1172,Ealing
1173,Ealing
1174,Hounslow
1175,Hounslow
1176,Hounslow
1177,Hounslow
1178,Hounslow
1179,Hounslow
1180,Hammersmith and Fulham
1181,Hammersmith and Fulham
1182,Hammersmith and Fulham
1183,Hammersmith and Fulham
1184,Hammersmith and Fulham
1185,Hammersmith and Fulham
1186,Hammersmith and Fulham
1187,Hammersmith and Fulham
1188,Hammersmith and Fulham
1189,Hammersmith and Fulham
1190,Hammersmith and Fulham
1191,Hammersmith and Fulham
1192,Hammersmith and Fulham
1193,Hammersmith and Fulham
1194,Hammersmith and Fulham
1195,Hammersmith and Fulham
1196,Westminster
1197,Kensington and Chelsea
1198,Westminster
1199,Westminster
1200,Kensington and Chelsea
1201,Westminster
1202,Kensington and Chelsea
1203,Westminster
1204,Kensington and Chelsea
1205,Kensington and Chelsea
1206,Kensington and Chelsea
1207,Kensington and Chelsea
1208,Kensington and Chelsea
1209,Westminster
1210,Westminster
1211,Westminster
1212,Westminster
1213,Westminster
1214,Westminster
1215,Westminster
1216,Westminster
1217,Westminster
1218,Westminster
1219,Westminster
1220,Westminster
1221,Westminster
1222,Westminster
1223,Westminster
1224,Westminster
1225,Westminster
1226,Westminster
1227,Westminster
1228,Westminster
1229,Southwark
1230,Southwark
1231,Southwark
1232,Southwark
1233,Southwark
1234,City of London
1235,Southwark
1236,Southwark
1237,City of London
1238,Southwark
1239,City of London
1240,Southwark
1241,City of London
1242,Southwark
1243,Southwark
1244,Southwark
1245,City of London
1246,City of London
1247,Southwark
1248,Southwark
1249,Tower Hamlets
1250,Tower Hamlets
1251,Tower Hamlets
1252,Tower Hamlets
1253,Tower Hamlets
1254,Tower Hamlets
1255,City of London
1256,City of London
1257,Tower Hamlets
1258,City of London
1259,Tower Hamlets
1260,City of London
1261,Tower Hamlets
1262,City of London
1263,Tower Hamlets
1264,Tower Hamlets
1265,City of London
1266,Tower Hamlets
1267,Tower Hamlets
1268,Tower Hamlets
1269,Tower Hamlets
1270,Tower Hamlets
1271,Tower Hamlets
1272,Tower Hamlets
1273,Tower Hamlets
1274,Tower Hamlets
1275,Tower Hamlets
1276,Tower Hamlets
1277,Tower Hamlets
1278,Tower Hamlets
1279,Tower Hamlets
1280,Tower Hamlets
1281,Tower Hamlets
1282,Tower Hamlets
1283,Tower Hamlets
1284,Newham
1285,Greenwich
1286,Greenwich
1287,Greenwich
1288,Newham
1289,FAIL
1290,Greenwich
1291,Greenwich
1292,FAIL
1293,FAIL
1294,Greenwich
1295,Greenwich
1296,Greenwich
1297,Greenwich
1298,Bexley
1299,Bexley
1300,Bexley
1301,Bexley
1302,Bexley
1303,Thurrock
1304,Dartford
1305,FAIL
1306,Thurrock
1307,Thurrock
1308,Slough
1309,Windsor and Maidenhead
1310,Runnymede
1311,Hillingdon
1312,Hillingdon
1313,Hillingdon
1314,Hillingdon
1315,Hillingdon
1316,Hillingdon
1317,Hillingdon
1318,Hounslow
1319,Hounslow
1320,Hounslow
1321,Hounslow
1322,Hounslow
1323,Hounslow
1324,Hounslow
1325,Hounslow
1326,Hounslow
1327,Hounslow
1328,Hounslow
1329,Hounslow
1330,Richmond upon Thames
1331,Hounslow
1332,Hounslow
1333,Hounslow
1334,Hounslow
1335,Hounslow
1336,Hounslow
1337,Hounslow
1338,Ealing
1339,Hounslow
1340,Hounslow
1341,Hounslow
1342,Ealing
1343,Richmond upon Thames
1344,Richmond upon Thames
1345,Hounslow
1346,Hounslow
1347,Hounslow
1348,Hounslow
1349,Hounslow
1350,Hounslow
1351,Hounslow
1352,Hounslow
1353,Hounslow
1354,Hounslow
1355,Ealing
1356,Hounslow
1357,Hammersmith and Fulham
1358,Hammersmith and Fulham
1359,Hammersmith and Fulham
1360,Hammersmith and Fulham
1361,Hammersmith and Fulham
1362,Hammersmith and Fulham
1363,Hammersmith and Fulham
1364,Hammersmith and Fulham
1365,Hammersmith and Fulham
1366,Hammersmith and Fulham
1367,Hammersmith and Fulham
1368,Hammersmith and Fulham
1369,Hammersmith and Fulham
1370,Hammersmith and Fulham
1371,Hammersmith and Fulham
1372,Hammersmith and Fulham
1373,Hammersmith and Fulham
1374,Hammersmith and Fulham
1375,Hammersmith and Fulham
1376,Kensington and Chelsea
1377,Kensington and Chelsea
1378,Kensington and Chelsea
1379,Kensington and Chelsea
1380,Kensington and Chelsea
1381,Kensington and Chelsea
1382,Kensington and Chelsea
1383,Kensington and Chelsea
1384,Kensington and Chelsea
1385,Kensington and Chelsea
1386,Kensington and Chelsea
1387,Kensington and Chelsea
1388,Kensington and Chelsea
1389,Kensington and Chelsea
1390,Kensington and Chelsea
1391,Kensington and Chelsea
1392,Kensington and Chelsea
1393,Kensington and Chelsea
1394,Kensington and Chelsea
1395,Westminster
1396,Westminster
1397,Westminster
1398,Westminster
1399,Westminster
1400,Westminster
1401,Westminster
1402,Westminster
1403,Westminster
1404,Westminster
1405,Westminster
1406,Westminster
1407,Wandsworth
1408,Westminster
1409,Westminster
1410,Westminster
1411,Westminster
1412,Westminster
1413,Westminster
1414,Westminster
1415,Southwark
1416,Lambeth
1417,Lambeth
1418,Lambeth
1419,Southwark
1420,Lambeth
1421,Lambeth
1422,Lambeth
1423,Southwark
1424,Southwark
1425,Southwark
1426,Southwark
1427,Southwark
1428,Lambeth
1429,Lambeth
1430,Lambeth
1431,Southwark
1432,Southwark
1433,Southwark
1434,Southwark
1435,Southwark
1436,Southwark
1437,Southwark
1438,Southwark
1439,Southwark
1440,Southwark
1441,Southwark
1442,Southwark
1443,Southwark
1444,Southwark
1445,Southwark
1446,Lewisham
1447,Lewisham
1448,Lewisham
1449,Greenwich
1450,Lewisham
1451,Greenwich
1452,Greenwich
1453,Lewisham
1454,Greenwich
1455,Greenwich
1456,Greenwich
1457,Tower Hamlets
1458,Greenwich
1459,Greenwich
1460,Greenwich
1461,Greenwich
1462,Greenwich
1463,Bexley
1464,Greenwich
1465,Bexley
1466,Bexley
1467,Lewisham
1468,Bexley
1469,Bexley
1470,Dartford
1471,Dartford
1472,Dartford
1473,Bexley
1474,Dartford
1475,Dartford
1476,Dartford
1477,Dartford
1478,Dartford
1479,Dartford
1480,Dartford
1481,Dartford
1482,Dartford
1483,Dartford
1484,Bexley
1485,FAIL
1486,Runnymede
1487,Runnymede
1488,Spelthorne
1489,Windsor and Maidenhead
1490,Hounslow
1491,Spelthorne
1492,Runnymede
1493,FAIL
1494,Hillingdon
1495,Hillingdon
1496,Hounslow
1497,Hounslow
1498,Richmond upon Thames
1499,Hounslow
1500,Richmond upon Thames
1501,Hounslow
1502,Richmond upon Thames
1503,Richmond upon Thames
1504,Richmond upon Thames
1505,Richmond upon Thames
1506,Richmond upon Thames
1507,Richmond upon Thames
1508,Richmond upon Thames
1509,Richmond upon Thames
1510,Richmond upon Thames
1511,Richmond upon Thames
1512,Richmond upon Thames
1513,Richmond upon Thames
1514,Richmond upon Thames
1515,Richmond upon Thames
1516,Richmond upon Thames
1517,Richmond upon Thames
1518,Richmond upon Thames
1519,Richmond upon Thames
1520,Richmond upon Thames
1521,Richmond upon Thames
1522,Richmond upon Thames
1523,Richmond upon Thames
1524,Richmond upon Thames
1525,Richmond upon Thames
1526,Richmond upon Thames
1527,Richmond upon Thames
1528,Richmond upon Thames
1529,Richmond upon Thames
1530,Wandsworth
1531,Wandsworth
1532,Hammersmith and Fulham
1533,Wandsworth
1534,Wandsworth
1535,Wandsworth
1536,Wandsworth
1537,Wandsworth
1538,Wandsworth
1539,Wandsworth
1540,Wandsworth
1541,Hammersmith and Fulham
1542,Hammersmith and Fulham
1543,Wandsworth
1544,Hammersmith and Fulham
1545,Hammersmith and Fulham
1546,Hammersmith and Fulham
1547,Hammersmith and Fulham
1548,Hammersmith and Fulham
1549,Hammersmith and Fulham
1550,Hammersmith and Fulham
1551,Wandsworth
1552,Wandsworth
1553,Wandsworth
1554,Wandsworth
1555,Wandsworth
1556,Wandsworth
1557,Wandsworth
1558,Hammersmith and Fulham
1559,Hammersmith and Fulham
1560,Wandsworth
1561,Hammersmith and Fulham
1562,Wandsworth
1563,Wandsworth
1564,Lambeth
1565,Lambeth
1566,Lambeth
1567,Wandsworth
1568,Wandsworth
1569,Lambeth
1570,Wandsworth
1571,Lambeth
1572,Lambeth
1573,Lambeth
1574,Lambeth
1575,Wandsworth
1576,Wandsworth
1577,Lambeth
1578,Lambeth
1579,Lambeth
1580,Lambeth
1581,Lambeth
1582,Southwark
1583,Lambeth
1584,Lambeth
1585,Southwark
1586,Southwark
1587,Southwark
1588,Lambeth
1589,Southwark
1590,Lambeth
1591,Lambeth
1592,Lambeth
1593,Lambeth
1594,Lambeth
1595,Lambeth
1596,Lambeth
1597,Southwark
1598,Southwark
1599,Southwark
1600,Southwark
1601,Southwark
1602,Southwark
1603,Southwark
1604,Southwark
1605,Southwark
1606,Lewisham
1607,Lewisham
1608,Lewisham
1609,Lewisham
1610,Lewisham
1611,Lewisham
1612,Lewisham
1613,Lewisham
1614,Lewisham
1615,Lewisham
1616,Greenwich
1617,Lewisham
1618,Lewisham
1619,Lewisham
1620,Lewisham
1621,Lewisham
1622,Greenwich
1623,Greenwich
1624,Lewisham
1625,Greenwich
1626,Lewisham
1627,Greenwich
1628,Greenwich
1629,Lewisham
1630,Bexley
1631,Bexley
1632,Bromley
1633,Bexley
1634,Bexley
1635,Bexley
1636,Bexley
1637,Dartford
1638,Dartford
1639,Dartford
1640,Dartford
1641,Dartford
1642,Spelthorne
1643,Spelthorne
1644,Spelthorne
1645,Spelthorne
1646,Runnymede
1647,Spelthorne
1648,Spelthorne
1649,Spelthorne
1650,Runnymede
1651,Spelthorne
1652,Spelthorne
1653,Spelthorne
1654,Spelthorne
1655,Hounslow
1656,Hounslow
1657,Hounslow
1658,Hounslow
1659,Hounslow
1660,Hounslow
1661,FAIL
1662,Richmond upon Thames
1663,Richmond upon Thames
1664,Richmond upon Thames
1665,Richmond upon Thames
1666,Richmond upon Thames
1667,Richmond upon Thames
1668,Richmond upon Thames
1669,Richmond upon Thames
1670,Richmond upon Thames
1671,Richmond upon Thames
1672,Richmond upon Thames
1673,Richmond upon Thames
1674,Richmond upon Thames
1675,Richmond upon Thames
1676,Richmond upon Thames
1677,Richmond upon Thames
1678,Richmond upon Thames
1679,Richmond upon Thames
1680,Richmond upon Thames
1681,Richmond upon Thames
1682,Richmond upon Thames
1683,Wandsworth
1684,Wandsworth
1685,Wandsworth
1686,Wandsworth
1687,Wandsworth
1688,Wandsworth
1689,Wandsworth
1690,Wandsworth
1691,Wandsworth
1692,Wandsworth
1693,Wandsworth
1694,Wandsworth
1695,Wandsworth
1696,Wandsworth
1697,Wandsworth
1698,Wandsworth
1699,Wandsworth
1700,Wandsworth
1701,Wandsworth
1702,Lambeth
1703,FAIL
1704,Lambeth
1705,Lambeth
1706,Wandsworth
1707,Wandsworth
1708,Wandsworth
1709,Wandsworth
1710,Wandsworth
1711,Wandsworth
1712,Lambeth
1713,Lambeth
1714,Southwark
1715,Southwark
1716,Lambeth
1717,Lambeth
1718,Lambeth
1719,Southwark
1720,Lambeth
1721,Lambeth
1722,Southwark
1723,Southwark
1724,Southwark
1725,Southwark
1726,Lewisham
1727,Southwark
1728,Southwark
1729,Lewisham
1730,Lewisham
1731,Lewisham
1732,Lewisham
1733,Lewisham
1734,Lewisham
1735,Lewisham
1736,Lewisham
1737,FAIL
1738,Lewisham
1739,Lewisham
1740,Lewisham
1741,Lewisham
1742,Bromley
1743,Greenwich
1744,Greenwich
1745,Greenwich
1746,Bexley
1747,Bromley
1748,Bexley
1749,Bexley
1750,Bexley
1751,Bexley
1752,Bexley
1753,Bexley
1754,Bexley
1755,Bexley
1756,Bexley
1757,Bexley
1758,Dartford
1759,Dartford
1760,Dartford
1761,Dartford
1762,Dartford
1763,FAIL
1764,Runnymede
1765,Runnymede
1766,Runnymede
1767,FAIL
1768,Spelthorne
1769,Spelthorne
1770,Spelthorne
1771,Spelthorne
1772,FAIL
1773,Spelthorne
1774,Hounslow
1775,Spelthorne
1776,Hounslow
1777,Richmond upon Thames
1778,Richmond upon Thames
1779,Richmond upon Thames
1780,Richmond upon Thames
1781,Richmond upon Thames
1782,Richmond upon Thames
1783,Richmond upon Thames
1784,Richmond upon Thames
1785,Richmond upon Thames
1786,Richmond upon Thames
1787,Richmond upon Thames
1788,Richmond upon Thames
1789,FAIL
1790,Kingston upon Thames
1791,Kingston upon Thames
1792,Kingston upon Thames
1793,Kingston upon Thames
1794,Kingston upon Thames
1795,Merton
1796,Kingston upon Thames
1797,Merton
1798,Wandsworth
1799,Merton
1800,Merton
1801,Merton
1802,Merton
1803,Merton
1804,Wandsworth
1805,Merton
1806,Merton
1807,Wandsworth
1808,Wandsworth
1809,Wandsworth
1810,Wandsworth
1811,Wandsworth
1812,Wandsworth
1813,Wandsworth
1814,Merton
1815,Wandsworth
1816,Wandsworth
1817,Wandsworth
1818,Lambeth
1819,Lambeth
1820,Lambeth
1821,Wandsworth
1822,Lambeth
1823,Lambeth
1824,Wandsworth
1825,Wandsworth
1826,Lambeth
1827,Lambeth
1828,Lambeth
1829,Lambeth
1830,Lambeth
1831,Lambeth
1832,Lambeth
1833,Lambeth
1834,Lambeth
1835,Lambeth
1836,Lambeth
1837,Lambeth
1838,Lewisham
1839,Lewisham
1840,Lewisham
1841,Lewisham
1842,Croydon
1843,Croydon
1844,Croydon
1845,Lewisham
1846,Lewisham
1847,Lewisham
1848,Bromley
1849,Lewisham
1850,Bromley
1851,Lewisham
1852,Lewisham
1853,Lewisham
1854,Bromley
1855,Bromley
1856,Bromley
1857,Bromley
1858,Bromley
1859,Bromley
1860,Bromley
1861,Bexley
1862,Bexley
1863,Bexley
1864,Bexley
1865,Bexley
1866,Bexley
1867,Bexley
1868,Bexley
1869,Bexley
1870,Bromley
1871,Bexley
1872,Sevenoaks
1873,Dartford
1874,Runnymede
1875,FAIL
1876,Runnymede
1877,Spelthorne
1878,Spelthorne
1879,Elmbridge
1880,Richmond upon Thames
1881,FAIL
1882,Spelthorne
1883,Elmbridge
1884,Elmbridge
1885,Richmond upon Thames
1886,Richmond upon Thames
1887,Richmond upon Thames
1888,Richmond upon Thames
1889,Richmond upon Thames
1890,Richmond upon Thames
1891,Richmond upon Thames
1892,Richmond upon Thames
1893,Richmond upon Thames
1894,Richmond upon Thames
1895,Richmond upon Thames
1896,Richmond upon Thames
1897,Richmond upon Thames
1898,Richmond upon Thames
1899,Richmond upon Thames
1900,Kingston upon Thames
1901,Kingston upon Thames
1902,Kingston upon Thames
1903,Kingston upon Thames
1904,Kingston upon Thames
1905,Kingston upon Thames
1906,Kingston upon Thames
1907,Kingston upon Thames
1908,Kingston upon Thames
1909,Kingston upon Thames
1910,Kingston upon Thames
1911,Kingston upon Thames
1912,Kingston upon Thames
1913,Kingston upon Thames
1914,Merton
1915,Kingston upon Thames
1916,Merton
1917,FAIL
1918,Merton
1919,Merton
1920,Merton
1921,Merton
1922,Merton
1923,Merton
1924,Merton
1925,Merton
1926,Merton
1927,Merton
1928,Merton
1929,Merton
1930,Merton
1931,Merton
1932,Merton
1933,Merton
1934,Merton
1935,Wandsworth
1936,Wandsworth
1937,Lambeth
1938,Lambeth
1939,Croydon
1940,Croydon
1941,Croydon
1942,Croydon
1943,Bromley
1944,Bromley
1945,Bromley
1946,Bromley
1947,Bromley
1948,Bromley
1949,Bromley
1950,Bromley
1951,Bromley
1952,Bromley
1953,Bromley
1954,Bromley
1955,Bromley
1956,Bromley
1957,Bromley
1958,Bromley
1959,Bromley
1960,Bromley
1961,Bromley
1962,Bromley
1963,Bromley
1964,Bromley
1965,Bromley
1966,Bromley
1967,Bromley
1968,Bromley
1969,Bromley
1970,Bromley
1971,Bromley
1972,Bexley
1973,Sevenoaks
1974,Dartford
1975,Dartford
1976,Runnymede
1977,Runnymede
1978,Elmbridge
1979,Runnymede
1980,Elmbridge
1981,Runnymede
1982,Runnymede
1983,Elmbridge
1984,Elmbridge
1985,Spelthorne
1986,Elmbridge
1987,Elmbridge
1988,Elmbridge
1989,Elmbridge
1990,Elmbridge
1991,Elmbridge
1992,Elmbridge
1993,Elmbridge
1994,Elmbridge
1995,Elmbridge
1996,Elmbridge
1997,Elmbridge
1998,Richmond upon Thames
1999,Elmbridge
2000,Kingston upon Thames
2001,Kingston upon Thames
2002,Kingston upon Thames
2003,Kingston upon Thames
2004,Kingston upon Thames
2005,Kingston upon Thames
2006,Kingston upon Thames
2007,Kingston upon Thames
2008,Kingston upon Thames
2009,Kingston upon Thames
2010,Kingston upon Thames
2011,Kingston upon Thames
2012,Merton
2013,Merton
2014,Merton
2015,Sutton
2016,Merton
2017,Sutton
2018,Sutton
2019,Merton
2020,Wandsworth
2021,Wandsworth
2022,Wandsworth
2023,Merton
2024,Croydon
2025,Croydon
2026,Croydon
2027,Croydon
2028,Croydon
2029,Croydon
2030,Croydon
2031,Croydon
2032,Croydon
2033,Croydon
2034,Croydon
2035,Croydon
2036,Croydon
2037,Croydon
2038,FAIL
2039,Croydon
2040,Bromley
2041,Bromley
2042,Bromley
2043,Bromley
2044,Bromley
2045,Bromley
2046,Bromley
2047,Bromley
2048,Bromley
2049,Bromley
2050,Bromley
2051,Bromley
2052,Bromley
2053,Bromley
2054,Bromley
2055,Bromley
2056,Bromley
2057,Bromley
2058,Bromley
2059,Bromley
2060,Bromley
2061,Bromley
2062,Bromley
2063,Bromley
2064,Sevenoaks
2065,Sevenoaks
2066,Sevenoaks
2067,Sevenoaks
2068,Gravesham
2069,FAIL
2070,Woking
2071,Runnymede
2072,FAIL
2073,Runnymede
2074,Runnymede
2075,Runnymede
2076,Elmbridge
2077,FAIL
2078,Elmbridge
2079,Elmbridge
2080,Elmbridge
2081,Elmbridge
2082,Elmbridge
2083,Elmbridge
2084,Kingston upon Thames
2085,Elmbridge
2086,Kingston upon Thames
2087,Kingston upon Thames
2088,Kingston upon Thames
2089,Kingston upon Thames
2090,Kingston upon Thames
2091,Kingston upon Thames
2092,Kingston upon Thames
2093,Kingston upon Thames
2094,Kingston upon Thames
2095,Kingston upon Thames
2096,Kingston upon Thames
2097,Sutton
2098,Sutton
2099,Sutton
2100,Sutton
2101,Sutton
2102,Sutton
2103,Sutton
2104,Sutton
2105,Sutton
2106,Sutton
2107,Sutton
2108,Sutton
2109,Sutton
2110,Sutton
2111,Sutton
2112,Sutton
2113,Sutton
2114,Sutton
2115,Islington
2116,Croydon
2117,Croydon
2118,Croydon
2119,Sutton
2120,Croydon
2121,Croydon
2122,Croydon
2123,Croydon
2124,Croydon
2125,Croydon
2126,Croydon
2127,Croydon
2128,Croydon
2129,Croydon
2130,Croydon
2131,Croydon
2132,Bromley
2133,Bromley
2134,Bromley
2135,Bromley
2136,Bromley
2137,Bromley
2138,Bromley
2139,Bromley
2140,Bromley
2141,Bromley
2142,Bromley
2143,Bromley
2144,Bromley
2145,Sevenoaks
2146,FAIL
2147,Dartford
2148,FAIL
2149,Woking
2150,Woking
2151,Woking
2152,Woking
2153,Woking
2154,Woking
2155,Runnymede
2156,Elmbridge
2157,Woking
2158,Elmbridge
2159,Elmbridge
2160,Elmbridge
2161,Elmbridge
2162,Elmbridge
2163,Elmbridge
2164,Elmbridge
2165,Elmbridge
2166,Kingston upon Thames
2167,Kingston upon Thames
2168,Epsom and Ewell
2169,Kingston upon Thames
2170,Epsom and Ewell
2171,FAIL
2172,Epsom and Ewell
2173,Epsom and Ewell
2174,Epsom and Ewell
2175,Epsom and Ewell
2176,Epsom and Ewell
2177,Epsom and Ewell
2178,Epsom and Ewell
2179,Epsom and Ewell
2180,Epsom and Ewell
2181,Epsom and Ewell
2182,Epsom and Ewell
2183,Sutton
2184,Sutton
2185,Sutton
2186,FAIL
2187,Sutton
2188,Sutton
2189,Sutton
2190,Sutton
2191,Sutton
2192,Sutton
2193,Sutton
2194,Sutton
2195,Sutton
2196,FAIL
2197,Sutton
2198,Croydon
2199,Croydon
2200,Croydon
2201,Croydon
2202,Croydon
2203,Croydon
2204,Croydon
2205,Bromley
2206,Bromley
2207,Bromley
2208,Bromley
2209,Bromley
2210,Bromley
2211,Bromley
2212,Bromley
2213,Sevenoaks
2214,Sevenoaks
2215,Sevenoaks
2216,Sevenoaks
2217,Sevenoaks
2218,Woking
2219,Woking
2220,Guildford
2221,Guildford
2222,Woking
2223,Runnymede
2224,Runnymede
2225,Woking
2226,Elmbridge
2227,Elmbridge
2228,Mole Valley
2229,Epsom and Ewell
2230,Epsom and Ewell
2231,Epsom and Ewell
2232,Epsom and Ewell
2233,Epsom and Ewell
2234,Epsom and Ewell
2235,Epsom and Ewell
2236,Epsom and Ewell
2237,Epsom and Ewell
2238,Epsom and Ewell
2239,Epsom and Ewell
2240,Epsom and Ewell
2241,Reigate and Banstead
2242,FAIL
2243,Croydon
2244,Croydon
2245,FAIL
2246,Croydon
2247,Croydon
2248,Croydon
2249,Croydon
2250,Croydon
2251,Croydon
2252,Croydon
2253,Croydon
2254,Croydon
2255,Bromley
2256,FAIL
2257,Bromley
2258,Sevenoaks
2259,Sevenoaks
2260,FAIL
2261,Sevenoaks
2262,Sevenoaks
2263,FAIL
2264,Sevenoaks
