Location,London borough
Barking,Barking and Dagenham
Becontree,Barking and Dagenham
Becontree Heath,Barking and Dagenham
Castle Green,Barking and Dagenham
Creekmouth,Barking and Dagenham
Dagenham,Barking and Dagenham
Marks Gate,Barking and Dagenham
Rush Green,Barking and Dagenham
Arkley,Barnet
Barnet,Barnet
Barnet Gate,Barnet
Brent Cross,Barnet
Brunswick Park,Barnet
Burnt Oak,Barnet
Burroughs,Barnet
Childs Hill,Barnet
Church End,Barnet
Colindale,Barnet
Colney Hatch,Barnet
East Barnet,Barnet
East Finchley,Barnet
Edgware,Barnet
Finchley,Barnet
Friern Barnet,Barnet
Golders Green,Barnet
Grahame Park,Barnet
Hampstead Garden Suburb,Barnet
Hendon,Barnet
Mill Hill,Barnet
Monken Hadley,Barnet
New Barnet,Barnet
New Southgate,Barnet
North Finchley,Barnet
Oakleigh Park,Barnet
Osidge,Barnet
Temple Fortune,Barnet
The Hale,Barnet
The Hyde,Barnet
Totteridge,Barnet
West Hendon,Barnet
Whetstone,Barnet
Woodside Park,Barnet
Cricklewood,Barnet
Cockfosters,Barnet
Albany Park,Bexley
Barnehurst,Bexley
Barnes Cray,Bexley
Belvedere,Bexley
Bexley,Bexley
Bexleyheath,Bexley
Blackfen,Bexley
Blendon,Bexley
Colyers,Bexley
Crayford,Bexley
Crook Log,Bexley
Crossness,Bexley
East Wickham,Bexley
Erith,Bexley
Foots Cray,Bexley
Lamorbey,Bexley
Lessness Heath,Bexley
Longlands,Bexley
North Cray,Bexley
North End,Bexley
Northumberland Heath,Bexley
Sidcup,Bexley
Slade Green,Bexley
Upton,Bexley
Welling,Bexley
West Heath,Bexley
Abbey Wood,Bexley
Ruxley,Bexley
Upper Ruxley,Bexley
Falconwood,Bexley
Thamesmead,Bexley
Alperton,Brent
Brent Park,Brent
Brondesbury,Brent
Church End,Brent
Dollis Hill,Brent
Harlesden,Brent
Kensal Green,Brent
Kingsbury,Brent
Neasden,Brent
Preston,Brent
Queen's Park,Brent
Stonebridge,Brent
Tokyngton,Brent
Wembley,Brent
Wembley Park,Brent
Willesden,Brent
Kilburn,Brent
Park Royal,Brent
Sudbury,Brent
Kenton,Brent
Anerley,Bromley
Aperfield,Bromley
Beckenham,Bromley
Bickley,Bromley
Biggin Hill,Bromley
Bromley,Bromley
Bromley Common,Bromley
Chelsfield,Bromley
Chislehurst,Bromley
Coney Hall,Bromley
Crystal Palace,Bromley
Cudham,Bromley
Derry Downs,Bromley
Downe,Bromley
Eden Park,Bromley
Elmers End,Bromley
Elmstead,Bromley
Goddington,Bromley
Hayes,Bromley
Hazelwood,Bromley
Keston,Bromley
Leaves Green,Bromley
Locksbottom,Bromley
Mottingham,Bromley
Orpington,Bromley
Penge,Bromley
Petts Wood,Bromley
Plaistow,Bromley
Pratt's Bottom,Bromley
Southborough,Bromley
St Mary Cray,Bromley
St Paul's Cray,Bromley
Sundridge,Bromley
West Wickham,Bromley
Widmore,Bromley
Belsize Park,Camden
Bloomsbury,Camden
Camden Town,Camden
Chalk Farm,Camden
Fitzrovia,Camden
Frognal,Camden
Gospel Oak,Camden
Hampstead,Camden
Highgate,Camden
Holborn,Camden
Kentish Town,Camden
Primrose Hill,Camden
Somerstown,Camden
St Giles,Camden
St Pancras,Camden
Swiss Cottage,Camden
West Hampstead,Camden
King's Cross,Camden
Aldgate,City
Barbican,City
Blackfriars,City
Temple,City
Addington,Croydon
Addiscombe,Croydon
Coombe,Croydon
Coulsdon,Croydon
Croydon,Croydon
Forestdale,Croydon
Kenley,Croydon
New Addington,Croydon
Norbury,Croydon
Old Coulsdon,Croydon
Purley,Croydon
Riddlesdown,Croydon
Sanderstead,Croydon
Selhurst,Croydon
Selsdon,Croydon
Shirley,Croydon
South Croydon,Croydon
South Norwood,Croydon
Thornton Heath,Croydon
Upper Norwood,Croydon
Waddon,Croydon
Woodside,Croydon
Dartford,Dartford
Bedford Park,Ealing
Ealing,Ealing
Greenford,Ealing
Hanwell,Ealing
Northolt,Ealing
Norwood Green,Ealing
Perivale,Ealing
Southall,Ealing
West Ealing,Ealing
Acton,Ealing
Arnos Grove,Ealing
Botany Bay,Ealing
Brimsdown,Ealing
Bulls Cross,Ealing
Crews Hill,Ealing
Edmonton,Ealing
Enfield Highway,Enfield
Enfield Lock,Enfield
Enfield Town,Enfield
Enfield Wash,Enfield
Freezywater,Enfield
Grange Park,Enfield
Hadley Wood,Enfield
Palmers Green,Enfield
Ponders End,Enfield
Southgate,Enfield
Winchmore Hill,Enfield
Blackheath Royal Standard,Greenwich
Charlton,Greenwich
Eltham,Greenwich
Greenwich,Greenwich
Kidbrooke,Greenwich
Maze Hill,Greenwich
Middle Park,Greenwich
New Eltham,Greenwich
Plumstead,Greenwich
Shooter's Hill,Greenwich
Well Hall,Greenwich
Westcombe Park,Greenwich
Woolwich,Greenwich
Horn Park,Greenwich
Dalston,Hackney
Hackney,Hackney
Hackney Central,Hackney
Hackney Marshes,Hackney
Hackney Wick,Hackney
Haggerston,Hackney
Homerton,Hackney
Hoxton,Hackney
Lea Bridge,Hackney
Lower Clapton,Hackney
Manor House,Hackney
Shacklewell,Hackney
Shoreditch,Hackney
South Hackney,Hackney
Stamford Hill,Hackney
Stoke Newington,Hackney
Upper Clapton,Hackney
West Hackney,Hackney
Fulham,Hammersmith and Fulham
Hammersmith,Hammersmith and Fulham
Old Oak Common,Hammersmith and Fulham
Parsons Green,Hammersmith and Fulham
Sands End,Hammersmith and Fulham
Shepherd's Bush,Hammersmith and Fulham
West Kensington,Hammersmith and Fulham
White City,Hammersmith and Fulham
Wormwood Scrubs,Hammersmith and Fulham
Bounds Green,Haringey
Bowes Park,Haringey
Crouch End,Haringey
Fortis Green,Haringey
Harringay,Haringey
Hornsey,Haringey
Seven Sisters,Haringey
South Tottenham,Haringey
Stroud Green,Haringey
Tottenham,Haringey
Tottenham Green,Haringey
Tottenham Hale,Haringey
Turnpike Lane,Haringey
West Green,Haringey
Wood Green,Haringey
Muswell Hill,Haringey
Finsbury Park,Haringey
Belmont,Harrow
Harrow,Harrow
Harrow on the Hill,Harrow
Harrow Weald,Harrow
Hatch End,Harrow
North Harrow,Harrow
Pinner,Harrow
Rayners Lane,Harrow
South Harrow,Harrow
Stanmore,Harrow
Wealdstone,Harrow
West Harrow,Harrow
Queensbury,Harrow
Ardleigh Green,Havering
Chase Cross,Havering
Collier Row,Havering
Cranham,Havering
Elm Park,Havering
Emerson Park,Havering
Gallows Corner,Havering
Gidea Park,Havering
Harold Hill,Havering
Harold Park,Havering
Harold Wood,Havering
Havering-atte-Bower,Havering
Hornchurch,Havering
Noak Hill,Havering
North Ockendon,Havering
Rainham,Havering
Romford,Havering
South Hornchurch,Havering
Upminster,Havering
Upminster Bridge,Havering
Wennington,Havering
Cowley,Hillingdon
Eastcote,Hillingdon
Harefield,Hillingdon
Harlington,Hillingdon
Harmondsworth,Hillingdon
Hayes,Hillingdon
Hillingdon,Hillingdon
Ickenham,Hillingdon
Longford,Hillingdon
Northwood,Hillingdon
Ruislip,Hillingdon
Sipson,Hillingdon
South Ruislip,Hillingdon
Uxbridge,Hillingdon
West Drayton,Hillingdon
Yeading,Hillingdon
Yiewsley,Hillingdon
Brentford,Hounslow
Cranford,Hounslow
East Bedfont,Hounslow
Feltham,Hounslow
Grove Park,Hounslow
Gunnersbury,Hounslow
Hanworth,Hounslow
Hatton,Hounslow
Heston,Hounslow
Hounslow,Hounslow
Isleworth,Hounslow
Lampton,Hounslow
Osterley,Hounslow
Woodlands,Hounslow
Chiswick,Hounslow
Angel,Islington
Archway,Islington
Barnsbury,Islington
Canonbury,Islington
Clerkenwell,Islington
De Beauvoir Town,Islington
Finsbury,Islington
Highbury,Islington
Holloway,Islington
Islington,Islington
Nag's Head,Islington
Pentonville,Islington
St Luke's,Islington
Tufnell Park,Islington
Upper Holloway,Islington
Farringdon,Islington
Chelsea,Kensington and Chelsea
Earls Court,Kensington and Chelsea
Holland Park,Kensington and Chelsea
Kensington,Kensington and Chelsea
North Kensington,Kensington and Chelsea
Notting Hill,Kensington and Chelsea
South Kensington,Kensington and Chelsea
West Brompton,Kensington and Chelsea
Brompton,Kensington and Chelsea
Berrylands,Kingston upon Thames
Chessington,Kingston upon Thames
Coombe,Kingston upon Thames
Hook,Kingston upon Thames
Kingston upon Thames,Kingston upon Thames
Kingston Vale,Kingston upon Thames
Malden Rushett,Kingston upon Thames
Motspur Park,Kingston upon Thames
New Malden,Kingston upon Thames
Norbiton,Kingston upon Thames
Old Malden,Kingston upon Thames
Surbiton,Kingston upon Thames
Tolworth,Kingston upon Thames
Brixton,Lambeth
Gipsy Hill,Lambeth
Herne Hill,Lambeth
Lambeth,Lambeth
Oval,Lambeth
Stockwell,Lambeth
Streatham,Lambeth
Tulse Hill,Lambeth
Vauxhall,Lambeth
West Norwood,Lambeth
Kennington,Lambeth
Clapham,Lambeth
Bellingham,Lewisham
Blackheath,Lewisham
Brockley,Lewisham
Catford,Lewisham
Chinbrook,Lewisham
Crofton Park,Lewisham
Deptford,Lewisham
Downham,Lewisham
Forest Hill,Lewisham
Grove Park,Lewisham
Hither Green,Lewisham
Honor Oak,Lewisham
Ladywell,Lewisham
Lee,Lewisham
Lewisham,Lewisham
New Cross,Lewisham
Southend,Lewisham
St Johns,Lewisham
Sydenham,Lewisham
Sydenham Hill,Lewisham
Colliers Wood,Merton
Lower Morden,Merton
Merton Park,Merton
Mitcham,Merton
Morden,Merton
Morden Park,Merton
Raynes Park,Merton
South Wimbledon,Merton
St Helier,Merton
Wimbledon,Merton
Beckton,Newham
Canning Town,Newham
Custom House,Newham
East Ham,Newham
Forest Gate,Newham
Little Ilford,Newham
Manor Park,Newham
Maryland,Newham
North Woolwich,Newham
Plaistow,Newham
Silvertown,Newham
Stratford,Newham
Upton Park,Newham
West Ham,Newham
Aldborough Hatch,Redbridge
Barkingside,Redbridge
Gants Hill,Redbridge
Goodmayes,Redbridge
Hainault,Redbridge
Ilford,Redbridge
Loxford,Redbridge
Newbury Park,Redbridge
Redbridge,Redbridge
Seven Kings,Redbridge
South Woodford,Redbridge
Wanstead,Redbridge
Woodford,Redbridge
Chadwell Heath,Redbridge
Snaresbrook,Redbridge
Woodford Green,Redbridge
Barnes,Richmond upon Thames
Castelnau,Richmond upon Thames
East Sheen,Richmond upon Thames
Eel Pie Island,Richmond upon Thames
Fulwell,Richmond upon Thames
Ham,Richmond upon Thames
Hampton,Richmond upon Thames
Hampton Hill,Richmond upon Thames
Hampton Wick,Richmond upon Thames
Kew,Richmond upon Thames
Mortlake,Richmond upon Thames
North Sheen,Richmond upon Thames
Petersham,Richmond upon Thames
Richmond,Richmond upon Thames
St Margarets,Richmond upon Thames
Strawberry Hill,Richmond upon Thames
Teddington,Richmond upon Thames
Twickenham,Richmond upon Thames
Whitton,Richmond upon Thames
Bankside,Southwark
Bermondsey,Southwark
Camberwell,Southwark
Denmark Hill,Southwark
Dulwich,Southwark
East Dulwich,Southwark
Elephant and Castle,Southwark
Newington,Southwark
Nunhead,Southwark
Peckham,Southwark
Rotherhithe,Southwark
Surrey Quays,Southwark
Walworth,Southwark
Beddington,Sutton
Belmont,Sutton
Carshalton,Sutton
Cheam,Sutton
Sutton,Sutton
Wallington,Sutton
Worcester Park,Sutton
Bethnal Green,Tower Hamlets
Blackwall,Tower Hamlets
Bow,Tower Hamlets
Bromley-by-Bow,Tower Hamlets
Cambridge Heath,Tower Hamlets
Canary Wharf,Tower Hamlets
Cubitt Town,Tower Hamlets
Isle of Dogs,Tower Hamlets
Leamouth,Tower Hamlets
Limehouse,Tower Hamlets
Mile End,Tower Hamlets
Millwall,Tower Hamlets
Old Ford,Tower Hamlets
Poplar,Tower Hamlets
Ratcliff,Tower Hamlets
Shadwell,Tower Hamlets
Spitalfields,Tower Hamlets
Stepney,Tower Hamlets
Tower Hill,Tower Hamlets
Wapping,Tower Hamlets
Whitechapel,Tower Hamlets
Cann Hall,Waltham Forest
Chingford,Waltham Forest
Highams Park,Waltham Forest
Leyton,Waltham Forest
Leytonstone,Waltham Forest
Upper Walthamstow,Waltham Forest
Walthamstow,Waltham Forest
Walthamstow Village,Waltham Forest
Balham,Wandsworth
Battersea,Wandsworth
Earlsfield,Wandsworth
Nine Elms,Wandsworth
Putney,Wandsworth
Roehampton,Wandsworth
Southfields,Wandsworth
Tooting,Wandsworth
Tooting Bec,Wandsworth
Wandsworth,Wandsworth
Aldwych,Westminster
Bayswater,Westminster
Belgravia,Westminster
Charing Cross,Westminster
Chinatown,Westminster
Covent Garden,Westminster
Knightsbridge,Westminster
Lisson Grove,Westminster
Little Venice,Westminster
Maida Vale,Westminster
Marylebone,Westminster
Mayfair,Westminster
Millbank,Westminster
Paddington,Westminster
Pimlico,Westminster
Soho,Westminster
St James's,Westminster
St John's Wood,Westminster
Westminster,Westminster